"filename","timestamp","status"
"NH_HealthCitations_Oct2024.csv","20250715163709","uploaded"
"NH_Penalties_Oct2024.csv","20250715163709","uploaded"
"Swing_Bed_SNF_data_Oct2024.csv","20250715163709","uploaded"
"FY_2024_SNF_VBP_Facility_Performance.csv","20250715163709","uploaded"
"NH_Ownership_Oct2024.csv","20250715163709","uploaded"
"NH_QualityMsr_Claims_Oct2024.csv","20250715163709","uploaded"
"NH_ProviderInfo_Oct2024.csv","20250715163709","uploaded"
"NH_CovidVaxAverages_20241027.csv","20250715163709","uploaded"
"NH_QualityMsr_MDS_Oct2024.csv","20250715163709","uploaded"
"Skilled_Nursing_Facility_Quality_Reporting_Program_Provider_Data_Oct2024.csv","20250715163709","uploaded"
"Skilled_Nursing_Facility_Quality_Reporting_Program_National_Data_Oct2024.csv","20250715163709","uploaded"
"NH_DataCollectionIntervals_Oct2024.csv","20250715163709","uploaded"
"NH_CovidVaxProvider_20241027.csv","20250715163709","uploaded"
"NH_CitationDescriptions_Oct2024.csv","20250715163709","uploaded"
"NH_SurveyDates_Oct2024.csv","20250715163709","uploaded"
"NH_StateUSAverages_Oct2024.csv","20250715163709","uploaded"
"NH_SurveySummary_Oct2024.csv","20250715163709","uploaded"
"NH_FireSafetyCitations_Oct2024.csv","20250715163709","uploaded"
"PBJ_Daily_Nurse_Staffing_Q2_2024.csv","20250715163709","uploaded"
"FY_2024_SNF_VBP_Aggregate_Performance.csv","20250715163709","uploaded"
"NH_HlthInspecCutpointsState_Oct2024.csv","20250715163709","uploaded"